City_ID,City,Country,Date,Lat,Lng,Max Temp,Humidity,Cloudiness,Wind Speed
0,Touros,BR,2022-01-31 01:35:50,-5.1989,-35.4608,79.7,80,1,9.69
1,Cherskiy,RU,2022-01-31 01:35:50,68.75,161.3,-27.65,99,47,1.12
2,Hobart,AU,2022-01-31 01:34:06,-42.8794,147.3294,85.23,60,20,1.01
3,Butaritari,KI,2022-01-31 01:35:50,3.0707,172.7902,81.88,76,65,20.13
4,Tuatapere,NZ,2022-01-31 01:35:51,-46.1333,167.6833,70.83,63,90,6.85
5,Ponta Do Sol,PT,2022-01-31 01:35:51,32.6667,-17.1,65.12,33,0,10.13
6,Beloha,MG,2022-01-31 01:35:51,-25.1667,45.05,71.51,77,9,13.31
7,Punta Arenas,CL,2022-01-31 01:35:51,-53.15,-70.9167,48.31,61,75,29.93
8,Angermunde,DE,2022-01-31 01:35:52,53.015,13.9992,40.89,86,100,9.89
9,Kalmunai,LK,2022-01-31 01:35:52,7.4167,81.8167,77.43,84,44,5.06
10,Segou,ML,2022-01-31 01:35:52,13.4317,-6.2157,74.1,12,2,10.18
11,Rikitea,PF,2022-01-31 01:35:53,-23.1203,-134.9692,77.29,64,100,5.39
12,Antalaha,MG,2022-01-31 01:35:53,-14.9003,50.2788,75.04,86,14,7.07
13,Dawlatabad,AF,2022-01-31 01:35:53,36.4141,64.9053,38.41,83,2,3.15
14,Vaini,TO,2022-01-31 01:35:53,-21.2,-175.2,81.37,71,100,12.3
15,Mayya,RU,2022-01-31 01:35:54,61.7333,130.2811,-31.68,97,100,3.51
16,Mataura,NZ,2022-01-31 01:35:54,-46.1927,168.8643,70.48,50,81,3.65
17,Albany,US,2022-01-31 01:35:54,42.6001,-73.9662,14.65,55,32,3.49
18,Mahebourg,MU,2022-01-31 01:35:54,-20.4081,57.7,79.09,94,75,8.05
19,Atuona,PF,2022-01-31 01:35:06,-9.8,-139.0333,78.33,75,21,17.18
20,Novobirilyussy,RU,2022-01-31 01:35:55,56.9514,90.6661,-8.72,96,68,3.33
21,Port Elizabeth,ZA,2022-01-31 01:35:55,-33.918,25.5701,68.29,94,20,10.36
22,Salinas,US,2022-01-31 01:35:11,36.6777,-121.6555,60.82,75,0,11.5
23,Dingle,PH,2022-01-31 01:35:55,10.9995,122.6711,83.23,71,6,9.17
24,Cape Town,ZA,2022-01-31 01:34:06,-33.9258,18.4232,70.21,78,0,4.0
25,Ossora,RU,2022-01-31 01:35:56,59.2353,163.0719,25.09,91,100,31.76
26,Dzaoudzi,YT,2022-01-31 01:35:56,-12.7887,45.2699,76.89,88,0,3.44
27,Barrow,US,2022-01-31 01:35:56,71.2906,-156.7887,-9.38,77,100,9.22
28,Hithadhoo,MV,2022-01-31 01:33:53,-0.6,73.0833,82.09,71,4,10.85
29,Puerto Ayora,EC,2022-01-31 01:35:57,-0.7393,-90.3518,73.35,84,100,5.03
30,Fortuna,US,2022-01-31 01:35:57,40.5982,-124.1573,52.99,83,75,0.0
31,Listvyanka,RU,2022-01-31 01:35:57,51.8535,104.8693,-17.1,88,94,0.6
32,Nizwa,OM,2022-01-31 01:35:57,22.9333,57.5333,64.45,45,0,1.03
33,Lompoc,US,2022-01-31 01:32:32,34.6391,-120.4579,63.12,76,20,5.75
34,Hilo,US,2022-01-31 01:35:58,19.7297,-155.09,76.24,76,24,5.01
35,Mar Del Plata,AR,2022-01-31 01:35:58,-38.0023,-57.5575,67.87,77,100,13.0
36,Faanui,PF,2022-01-31 01:35:58,-16.4833,-151.75,80.94,68,0,9.48
37,Kieta,PG,2022-01-31 01:35:59,-6.2167,155.6333,85.98,69,100,8.01
38,Kapaa,US,2022-01-31 01:33:50,22.0752,-159.319,79.12,71,20,10.36
39,Raudeberg,NO,2022-01-31 01:35:59,61.9875,5.1352,34.47,72,100,1.99
40,Rodrigues Alves,BR,2022-01-31 01:35:59,-7.738,-72.6509,71.19,98,94,2.75
41,Chernyshevskiy,RU,2022-01-31 01:36:00,63.0128,112.4714,-15.38,99,94,2.21
42,Kruisfontein,ZA,2022-01-31 01:33:34,-34.0033,24.7314,64.89,95,100,3.49
43,Mandalgovi,MN,2022-01-31 01:31:31,45.7625,106.2708,1.58,69,7,6.33
44,Saskylakh,RU,2022-01-31 01:36:00,71.9167,114.0833,-23.76,100,93,2.68
45,Upernavik,GL,2022-01-31 01:35:06,72.7868,-56.1549,-6.68,97,100,3.38
46,Kaseda,JP,2022-01-31 01:32:03,31.4167,130.3167,45.63,50,8,14.61
47,Luderitz,NA,2022-01-31 01:37:00,-26.6481,15.1594,63.81,92,69,6.53
48,Fengrun,CN,2022-01-31 01:37:01,39.8333,118.1167,22.75,44,42,12.75
49,Mandan,US,2022-01-31 01:36:29,46.8267,-100.8896,36.03,77,0,1.01
50,Ushuaia,AR,2022-01-31 01:33:20,-54.8,-68.3,44.26,70,75,23.02
51,Saldanha,ZA,2022-01-31 01:37:01,-33.0117,17.9442,65.16,91,100,4.03
52,Kapoeta,SS,2022-01-31 01:37:01,4.7717,33.5903,77.49,29,99,2.3
53,Shimoda,JP,2022-01-31 01:37:02,34.6667,138.95,46.76,77,99,9.64
54,Pangnirtung,CA,2022-01-31 01:37:02,66.1451,-65.7125,-21.08,85,92,5.01
55,Galesong,ID,2022-01-31 01:37:02,-5.3166,119.3661,84.22,74,98,11.34
56,Biak,ID,2022-01-31 01:37:02,-0.9131,122.8766,84.52,62,99,6.71
57,Souillac,MU,2022-01-31 01:37:03,-20.5167,57.5167,79.18,94,75,8.05
58,Muros,ES,2022-01-31 01:37:03,42.7762,-9.0603,50.85,77,0,7.16
59,Quzhou,CN,2022-01-31 01:37:03,28.9594,118.8686,40.68,77,99,5.26
60,Georgetown,MY,2022-01-31 01:34:07,5.4112,100.3354,81.9,89,20,1.01
61,Bluff,NZ,2022-01-31 01:37:04,-46.6,168.3333,70.81,83,90,3.96
62,Turbat,PK,2022-01-31 01:37:04,26.0023,63.044,65.14,57,0,0.2
63,Tazovskiy,RU,2022-01-31 01:37:04,67.4667,78.7,-3.59,97,100,8.72
64,Yerbogachen,RU,2022-01-31 01:37:05,61.2767,108.0108,-17.07,100,97,3.49
65,Santarem,BR,2022-01-31 01:37:05,-2.4431,-54.7083,75.33,100,75,2.3
66,Bainbridge,US,2022-01-31 01:35:02,47.6262,-122.5212,50.25,87,100,5.01
67,Provideniya,RU,2022-01-31 01:37:05,64.3833,-173.3,10.51,67,0,20.13
68,Namibe,AO,2022-01-31 01:37:06,-15.1961,12.1522,70.21,78,90,5.32
69,Ashqelon,IL,2022-01-31 01:37:06,31.6693,34.5715,48.4,63,100,8.9
70,Caravelas,BR,2022-01-31 01:37:06,-17.7125,-39.2481,78.87,85,56,11.43
71,Chilliwack,CA,2022-01-31 01:37:07,49.1747,-121.9443,46.92,97,100,1.01
72,Mosetse,BW,2022-01-31 01:37:07,-20.75,26.65,67.41,85,100,12.06
73,Khasan,RU,2022-01-31 01:37:07,42.4308,130.6434,21.79,41,0,16.08
74,Porto Novo,BJ,2022-01-31 01:37:07,6.4965,2.6036,76.82,56,95,4.18
75,Murdochville,CA,2022-01-31 01:37:08,48.9583,-65.5006,7.68,98,48,4.72
76,Tiksi,RU,2022-01-31 01:37:08,71.6872,128.8694,-17.97,100,100,3.83
77,Bambanglipuro,ID,2022-01-31 01:37:08,-7.95,110.2833,71.6,74,99,5.21
78,Manggar,ID,2022-01-31 01:37:08,-2.8833,108.2667,84.15,64,100,8.63
79,Bubaque,GW,2022-01-31 01:37:09,11.2833,-15.8333,77.7,73,74,10.16
80,Lagoa,PT,2022-01-31 01:37:09,39.05,-27.9833,58.19,75,30,25.93
81,Roma,US,2022-01-31 01:37:09,43.2128,-75.4557,8.89,74,40,0.0
82,Lebu,CL,2022-01-31 01:37:10,-37.6167,-73.65,57.49,75,1,19.91
83,Qianan,CN,2022-01-31 01:37:10,44.9932,124.0581,5.99,86,5,3.11
84,Bredasdorp,ZA,2022-01-31 01:37:10,-34.5322,20.0403,72.28,88,100,6.91
85,Chokurdakh,RU,2022-01-31 01:37:11,70.6333,147.9167,-28.86,98,18,2.01
86,Umm Kaddadah,SD,2022-01-31 01:37:11,13.6017,26.6876,55.36,19,0,14.32
87,Avarua,CK,2022-01-31 01:37:11,-21.2078,-159.775,75.25,94,20,5.75
88,Mehamn,NO,2022-01-31 01:37:11,71.0357,27.8492,27.52,72,76,7.54
89,Ostrovnoy,RU,2022-01-31 01:37:12,68.0531,39.5131,6.69,96,89,8.39
90,Kon Tum,VN,2022-01-31 01:37:12,14.35,108.0,74.52,73,42,2.57
91,Luoyang,CN,2022-01-31 01:36:20,34.6836,112.4536,37.87,29,40,11.27
92,Rabo De Peixe,PT,2022-01-31 01:38:12,37.8,-25.5833,58.28,95,20,14.97
93,Ugoofaaru,MV,2022-01-31 01:38:12,5.6667,73.0,82.09,74,93,12.5
94,Ahipara,NZ,2022-01-31 01:38:13,-35.1667,173.1667,75.15,58,100,14.43
95,Marzuq,YE,2022-01-31 01:38:13,14.4,46.4667,58.03,81,58,4.14
96,Esperance,AU,2022-01-31 01:38:13,-33.8667,121.9,69.64,72,62,18.61
97,Hermanus,ZA,2022-01-31 01:38:14,-34.4187,19.2345,72.81,82,100,13.87
98,Broome,US,2022-01-31 01:33:58,42.2506,-75.833,11.01,78,34,3.0
99,Alofi,NU,2022-01-31 01:38:14,-19.0595,-169.9187,80.49,78,100,6.91
100,Vila Franca Do Campo,PT,2022-01-31 01:38:14,37.7167,-25.4333,59.2,80,98,14.65
101,Busselton,AU,2022-01-31 01:33:50,-33.65,115.3333,70.05,44,99,17.45
102,Namatanai,PG,2022-01-31 01:38:14,-3.6667,152.4333,84.38,71,93,4.63
103,Storm Lake,US,2022-01-31 01:37:36,42.6411,-95.2097,20.44,86,0,9.22
104,Dikson,RU,2022-01-31 01:38:15,73.5069,80.5464,-5.13,94,100,22.01
105,Mount Isa,AU,2022-01-31 01:38:15,-20.7333,139.5,83.97,79,75,6.91
106,Tuktoyaktuk,CA,2022-01-31 01:38:15,69.4541,-133.0374,-0.4,78,100,24.16
107,New Norfolk,AU,2022-01-31 01:33:52,-42.7826,147.0587,84.88,24,0,1.99
108,Geraldton,AU,2022-01-31 01:38:16,-28.7667,114.6,83.12,57,0,13.8
109,Margate,GB,2022-01-31 01:38:16,51.3813,1.3862,46.89,76,41,8.99
110,Bambous Virieux,MU,2022-01-31 01:33:51,-20.3428,57.7575,79.05,94,75,8.05
111,Guerrero Negro,MX,2022-01-31 01:35:12,27.9769,-114.0611,61.02,65,55,11.27
112,Marsh Harbour,BS,2022-01-31 01:35:27,26.5412,-77.0636,63.14,61,90,9.33
113,Boddam,GB,2022-01-31 01:38:16,57.4667,-1.7833,42.1,88,99,48.72
114,Nouadhibou,MR,2022-01-31 01:38:17,20.931,-17.0347,64.38,63,100,17.27
115,Timizart,DZ,2022-01-31 01:38:17,36.8,4.2667,47.05,44,0,5.79
116,Rocha,UY,2022-01-31 01:38:17,-34.4833,-54.3333,67.15,81,1,10.36
117,Hambantota,LK,2022-01-31 01:38:17,6.1241,81.1185,73.74,100,20,4.61
118,Thompson,CA,2022-01-31 01:38:18,55.7435,-97.8558,-0.24,85,0,5.75
119,Kavieng,PG,2022-01-31 01:38:18,-2.5744,150.7967,83.21,71,100,2.21
120,Portland,US,2022-01-31 01:37:14,45.5234,-122.6762,51.73,90,100,4.0
121,Port Alfred,ZA,2022-01-31 01:38:18,-33.5906,26.891,72.7,89,100,13.98
122,Jumla,NP,2022-01-31 01:38:19,29.2747,82.1838,36.01,42,0,3.91
123,Waingapu,ID,2022-01-31 01:38:19,-9.6567,120.2641,85.01,67,100,17.43
124,Bethel,US,2022-01-31 01:38:19,41.3712,-73.414,21.92,66,0,0.0
125,Nikolskoye,RU,2022-01-31 01:38:19,59.7035,30.7861,26.49,97,100,5.12
126,Alta Floresta,BR,2022-01-31 01:38:20,-9.8756,-56.0861,70.14,98,100,2.84
127,Quatre Cocos,MU,2022-01-31 01:38:20,-20.2078,57.7625,78.91,83,97,17.4
128,Grindavik,IS,2022-01-31 01:38:20,63.8424,-22.4338,28.87,64,75,29.93
129,Ancud,CL,2022-01-31 01:38:21,-41.8697,-73.8203,52.43,74,30,5.95
130,Sarkand,KZ,2022-01-31 01:38:21,45.41,79.9186,16.68,68,48,7.76
131,Leningradskiy,RU,2022-01-31 01:38:21,69.3833,178.4167,-14.85,94,81,4.45
132,Kroya,ID,2022-01-31 01:38:21,-7.6331,109.2461,86.2,77,100,2.46
133,Adrar,MR,2022-01-31 01:38:22,20.5022,-10.0711,71.08,13,99,11.36
134,Seymchan,RU,2022-01-31 01:38:22,62.8833,152.4333,-12.01,86,100,4.83
135,Itaituba,BR,2022-01-31 01:38:22,-4.2761,-55.9836,78.96,94,40,0.0
136,Kilifi,KE,2022-01-31 01:38:22,-3.6305,39.8499,77.38,84,100,4.21
137,Chickasha,US,2022-01-31 01:38:23,35.0526,-97.9364,55.67,21,0,5.75
138,Vestmannaeyjar,IS,2022-01-31 01:39:23,63.4427,-20.2734,32.41,63,100,32.73
139,Sisimiut,GL,2022-01-31 01:39:23,66.9395,-53.6735,2.3,73,79,13.22
140,Zhuhai,CN,2022-01-31 01:39:24,22.2769,113.5678,59.05,76,40,19.57
141,Khatanga,RU,2022-01-31 01:39:24,71.9667,102.5,-6.09,98,98,8.46
142,Lancaster,US,2022-01-31 01:39:24,40.2504,-76.2499,24.66,67,100,0.0
143,Leshukonskoye,RU,2022-01-31 01:39:24,64.8989,45.7622,8.33,96,100,4.83
144,Saint-Philippe,RE,2022-01-31 01:35:12,-21.3585,55.7679,74.79,86,65,11.14
145,Banjar,ID,2022-01-31 01:39:25,-8.19,114.9675,84.06,76,100,3.58
146,Gat,IL,2022-01-31 01:38:05,31.61,34.7642,47.39,65,96,6.67
147,Abu Samrah,SY,2022-01-31 01:39:25,35.3029,37.1841,41.63,77,100,3.27
148,Anadyr,RU,2022-01-31 01:39:25,64.75,177.4833,-12.5,83,100,8.95
149,Klaksvik,FO,2022-01-31 01:36:24,62.2266,-6.589,34.72,54,97,39.01
150,Labuhan,ID,2022-01-31 01:39:26,-6.8844,112.2051,82.38,77,100,8.34
151,Khandyga,RU,2022-01-31 01:39:26,62.6667,135.6,-29.74,97,93,0.45
152,Chuy,UY,2022-01-31 01:39:26,-33.6971,-53.4616,70.03,80,0,12.33
153,Dryden,CA,2022-01-31 01:39:27,49.7833,-92.7503,12.49,73,100,8.05
154,Banagher,IE,2022-01-31 01:39:27,53.1886,-7.9867,43.05,78,20,16.67
155,Bengkulu,ID,2022-01-31 01:37:32,-3.8004,102.2655,77.49,85,100,3.94
156,Carutapera,BR,2022-01-31 01:39:27,-1.195,-46.02,75.07,92,99,6.35
157,Carnarvon,AU,2022-01-31 01:39:28,-24.8667,113.6333,86.07,58,35,18.41
158,Deputatskiy,RU,2022-01-31 01:39:28,69.3,139.9,-23.71,100,54,2.3
159,Qaanaaq,GL,2022-01-31 01:39:28,77.484,-69.3632,-4.18,94,100,3.71
160,Vaitape,PF,2022-01-31 01:39:28,-16.5167,-151.75,80.94,68,0,9.42
161,Mvuma,ZW,2022-01-31 01:39:29,-19.2792,30.5283,58.12,88,73,4.29
162,Cidreira,BR,2022-01-31 01:39:29,-30.1811,-50.2056,73.62,72,0,18.79
163,Yenagoa,NG,2022-01-31 01:39:15,4.9247,6.2642,71.82,73,9,2.48
164,Yellowknife,CA,2022-01-31 01:39:16,62.456,-114.3525,-9.58,87,75,6.91
165,Talnakh,RU,2022-01-31 01:39:29,69.4865,88.3972,-16.51,93,72,9.35
166,Noumea,NC,2022-01-31 01:36:21,-22.2763,166.4572,87.78,78,98,7.49
167,Moose Factory,CA,2022-01-31 01:39:30,51.2585,-80.6094,-13.0,77,20,6.91
168,San Cristobal,VE,2022-01-31 01:39:30,7.7669,-72.225,68.18,91,100,2.71
169,Evensk,RU,2022-01-31 01:39:31,61.95,159.2333,22.26,81,100,21.52
170,Merritt Island,US,2022-01-31 01:39:31,28.5392,-80.672,48.56,79,0,0.0
171,Husavik,IS,2022-01-31 01:39:31,66.0449,-17.3389,21.11,61,80,31.41
172,Dukat,RU,2022-01-31 01:39:31,62.55,155.55,-8.59,95,72,6.53
173,Castro,BR,2022-01-31 01:39:32,-24.7911,-50.0119,62.51,99,100,8.08
174,Sitka,US,2022-01-31 01:39:32,57.0531,-135.33,39.09,70,20,0.0
175,Torbay,CA,2022-01-31 01:39:32,47.6666,-52.7314,36.57,80,75,27.63
176,Port-Gentil,GA,2022-01-31 01:39:32,-0.7193,8.7815,80.76,79,94,8.95
177,Port Shepstone,ZA,2022-01-31 01:39:33,-30.7414,30.455,72.19,84,100,12.66
178,Laguna,US,2022-01-31 01:39:33,38.421,-121.4238,59.92,62,0,4.61
179,Hamilton,US,2022-01-31 01:37:01,39.1834,-84.5333,31.84,72,20,1.01
180,Campos Gerais,BR,2022-01-31 01:39:33,-21.235,-45.7586,65.66,98,100,0.6
181,Saint Anthony,US,2022-01-31 01:39:33,45.0205,-93.218,17.87,78,20,3.44
182,Berlevag,NO,2022-01-31 01:40:34,70.8578,29.0864,29.25,65,80,7.47
183,Campina Grande Do Sul,BR,2022-01-31 01:39:00,-25.3056,-49.0553,65.52,92,100,2.28
184,Khilok,RU,2022-01-31 01:40:34,51.3674,110.4676,-6.3,93,100,2.04
185,Osoyoos,CA,2022-01-31 01:40:34,49.0331,-119.4524,32.99,78,100,10.36
186,Wuwei,CN,2022-01-31 01:40:35,37.9281,102.6414,18.82,39,100,3.06
187,Gao,ML,2022-01-31 01:40:35,16.6362,1.637,66.47,17,5,14.67
188,Clyde River,CA,2022-01-31 01:40:35,70.4692,-68.5914,-23.57,76,0,4.61
189,Flinders,AU,2022-01-31 01:40:35,-34.5833,150.8552,87.19,68,27,4.0
190,Kostomuksha,RU,2022-01-31 01:40:36,64.571,30.5767,7.74,96,100,7.67
191,Bratsk,RU,2022-01-31 01:40:36,56.1325,101.6142,-8.66,98,100,1.01
192,Paragould,US,2022-01-31 01:40:36,36.0584,-90.4973,46.22,62,100,6.4
193,Sangre Grande,TT,2022-01-31 01:40:37,10.5835,-61.1177,75.88,90,38,6.26
194,Victoria,HK,2022-01-31 01:38:50,22.2855,114.1577,59.32,75,99,5.99
195,Kavaratti,IN,2022-01-31 01:40:37,10.5669,72.642,81.25,72,3,7.07
196,Tandil,AR,2022-01-31 01:40:37,-37.3217,-59.1332,58.06,74,84,15.64
197,Koulikoro,ML,2022-01-31 01:40:38,14.0,-7.75,68.99,15,3,8.1
198,Kholodnyy,RU,2022-01-31 01:40:38,62.7167,147.95,-7.13,97,94,4.97
199,Hays,US,2022-01-31 01:40:38,30.0502,-98.0336,58.93,63,34,6.26
200,Sinnamary,GF,2022-01-31 01:40:38,5.3833,-52.95,76.64,86,64,11.72
201,Nanortalik,GL,2022-01-31 01:38:54,60.1432,-45.2371,21.07,75,100,20.96
202,Tasiilaq,GL,2022-01-31 01:40:39,65.6145,-37.6368,-2.81,58,100,7.65
203,Vanavara,RU,2022-01-31 01:40:39,60.34,102.2797,-15.54,100,99,2.37
204,Simao,CN,2022-01-31 01:40:39,22.7886,100.9748,57.56,50,0,0.11
205,Magdagachi,RU,2022-01-31 01:40:40,53.45,125.8,2.77,66,47,5.93
206,Aklavik,CA,2022-01-31 01:39:09,68.2191,-135.0107,4.03,90,100,4.05
207,Santa Marta,CO,2022-01-31 01:39:39,11.2408,-74.199,80.89,67,11,15.99
208,Whitehorse,CA,2022-01-31 01:40:40,60.7161,-135.0538,7.57,66,100,10.36
209,Dunedin,NZ,2022-01-31 01:40:40,-45.8742,170.5036,68.45,69,17,10.98
210,Antofagasta,CL,2022-01-31 01:40:40,-23.65,-70.4,65.48,82,57,3.78
211,Urumqi,CN,2022-01-31 01:40:02,43.801,87.6005,-6.65,84,75,2.24
212,Half Moon Bay,US,2022-01-31 01:40:41,37.4636,-122.4286,58.91,81,0,1.99
213,Catamarca,AR,2022-01-31 01:39:11,-28.4696,-65.7852,74.64,62,3,9.57
214,Mezen,RU,2022-01-31 01:40:41,65.8522,44.24,4.75,98,100,4.18
215,Makakilo City,US,2022-01-31 01:40:41,21.3469,-158.0858,79.12,54,100,9.22
216,Mavrovi Anovi,MK,2022-01-31 01:40:42,41.7025,20.7564,16.56,82,3,4.47
217,Srednekolymsk,RU,2022-01-31 01:40:42,67.45,153.6833,-28.1,100,99,0.85
218,Vao,NC,2022-01-31 01:40:42,-22.6667,167.4833,79.41,81,94,6.38
219,Mareeba,AU,2022-01-31 01:40:42,-17.0,145.4333,90.32,73,98,1.95
220,Ust-Maya,RU,2022-01-31 01:40:43,60.4167,134.5333,-22.43,96,100,1.16
221,Cody,US,2022-01-31 01:39:54,44.5263,-109.0565,35.64,53,90,8.61
222,Kutum,SD,2022-01-31 01:40:43,14.2,24.6667,50.32,19,2,8.21
223,Lazaro Cardenas,MX,2022-01-31 01:40:43,17.9583,-102.2,76.15,69,0,5.17
224,Algiers,DZ,2022-01-31 01:40:43,36.7525,3.042,50.99,35,0,3.38
225,Jamestown,US,2022-01-31 01:40:23,42.097,-79.2353,15.44,79,100,0.0
226,East London,ZA,2022-01-31 01:40:44,-33.0153,27.9116,73.2,85,100,13.2
227,Los Llanos De Aridane,ES,2022-01-31 01:40:44,28.6585,-17.9182,58.75,70,0,5.99
228,Cabo San Lucas,MX,2022-01-31 01:40:44,22.8909,-109.9124,74.5,73,100,5.61
229,Korla,CN,2022-01-31 01:40:45,41.7597,86.1469,23.05,57,100,3.69
230,Coihueco,CL,2022-01-31 01:41:45,-36.6167,-71.8333,70.54,46,1,9.22
231,Khanpur,PK,2022-01-31 01:41:45,28.6453,70.6567,58.73,30,0,6.06
232,Saint George,US,2022-01-31 01:41:46,37.1041,-113.5841,57.79,22,0,1.99
233,Meaford,CA,2022-01-31 01:38:00,44.6001,-80.583,20.89,77,98,10.42
234,Kipit,PH,2022-01-31 01:41:46,8.0461,122.5322,82.27,73,65,7.63
235,Teya,RU,2022-01-31 01:38:48,60.3778,92.6267,-2.22,99,100,2.64
236,Salalah,OM,2022-01-31 01:41:26,17.0151,54.0924,68.09,60,0,3.44
237,Sao Filipe,CV,2022-01-31 01:41:46,14.8961,-24.4956,71.38,71,100,11.01
238,Laguna De Perlas,NI,2022-01-31 01:41:46,12.3429,-83.6712,73.85,88,54,16.2
239,Longyearbyen,SJ,2022-01-31 01:41:47,78.2186,15.6401,8.44,66,0,20.71
240,Constitucion,CL,2022-01-31 01:41:47,-35.3333,-72.4167,57.45,81,0,14.47
241,Deniliquin,AU,2022-01-31 01:41:47,-35.5333,144.9667,89.01,23,0,5.61
242,Norman Wells,CA,2022-01-31 01:41:47,65.282,-126.8329,-25.56,68,75,0.0
243,Aksay,RU,2022-01-31 01:41:48,47.26,39.87,35.82,92,100,11.01
244,Podor,MR,2022-01-31 01:41:48,16.6527,-14.9587,79.86,14,100,11.3
245,Ndele,CF,2022-01-31 01:41:48,8.4109,20.6473,66.81,23,7,5.03
246,Manzanares,ES,2022-01-31 01:41:49,38.9991,-3.3699,40.62,31,0,2.15
247,Birao,CF,2022-01-31 01:41:49,10.2849,22.7882,62.35,20,6,6.33
248,Orbetello,IT,2022-01-31 01:41:49,42.4408,11.2196,48.79,93,0,3.44
249,Hay River,CA,2022-01-31 01:41:49,60.8156,-115.7999,-5.82,77,75,9.22
250,Jieshi,CN,2022-01-31 01:41:50,22.8134,115.8257,52.95,63,87,18.03
251,Bara,NG,2022-01-31 01:41:50,10.3744,10.7288,60.46,22,49,7.34
252,Kamenka,RU,2022-01-31 01:41:50,51.3223,42.7678,29.75,96,100,18.59
253,Gallup,US,2022-01-31 01:41:50,35.5281,-108.7426,42.64,31,0,1.99
254,Arraial Do Cabo,BR,2022-01-31 01:40:53,-22.9661,-42.0278,74.89,94,100,6.78
255,Kovdor,RU,2022-01-31 01:41:51,67.5662,30.4758,1.83,98,97,2.08
256,Okha,RU,2022-01-31 01:41:51,53.5739,142.9478,10.69,91,100,21.81
257,Bata,GQ,2022-01-31 01:41:51,1.8639,9.7658,78.66,100,20,0.0
258,Olafsvik,IS,2022-01-31 01:41:52,64.8945,-23.7142,26.82,55,100,22.59
259,Santo Domingo,DO,2022-01-31 01:38:05,18.5001,-69.9886,76.68,94,40,0.0
260,Ulaangom,MN,2022-01-31 01:41:52,49.9811,92.0667,-25.83,93,95,2.71
261,Caruray,PH,2022-01-31 01:41:52,10.3094,119.0128,84.31,67,49,4.36
262,Taoudenni,ML,2022-01-31 01:41:53,22.6783,-3.9836,68.85,13,69,16.96
263,Ascension,US,2022-01-31 01:41:53,30.2169,-90.9001,57.2,64,0,4.61
264,Airai,TL,2022-01-31 01:41:53,-8.9266,125.4092,71.01,65,93,6.82
265,Magway,MM,2022-01-31 01:41:53,20.15,94.9167,63.3,49,6,4.03
266,Plettenberg Bay,ZA,2022-01-31 01:41:54,-34.0527,23.3716,68.25,91,98,0.38
267,Dhone,IN,2022-01-31 01:41:54,15.4167,77.8833,70.34,59,0,3.04
268,Hofn,IS,2022-01-31 01:41:54,64.2539,-15.2082,26.1,45,100,16.49
269,Avera,US,2022-01-31 01:41:55,33.194,-82.5271,49.87,73,0,7.87
270,Minab,IR,2022-01-31 01:41:55,27.1467,57.0801,62.92,82,0,1.14
271,Eyemouth,GB,2022-01-31 01:41:55,55.8713,-2.0901,44.64,69,76,38.25
272,Gandiaye,SN,2022-01-31 01:41:55,14.2333,-16.2667,71.37,46,91,11.99
273,Narsaq,GL,2022-01-31 01:40:07,60.9167,-46.05,17.58,89,100,22.37
274,Artesia,US,2022-01-31 01:41:56,33.8658,-118.0831,66.11,67,0,1.01
275,Chifeng,CN,2022-01-31 01:41:56,42.2683,118.9636,17.02,82,100,9.64
276,Minsk,BY,2022-01-31 01:38:20,53.9,27.5667,29.95,97,100,8.46
277,Rantepao,ID,2022-01-31 01:41:56,-2.9701,119.8978,80.92,51,79,1.83
278,Boende,CD,2022-01-31 01:42:57,-0.2167,20.8667,76.15,36,100,2.46
279,Ishigaki,JP,2022-01-31 01:42:57,24.3448,124.1572,60.93,67,75,12.66
280,Dilla,ET,2022-01-31 01:42:57,6.41,38.31,60.22,37,100,3.49
281,Kodiak,US,2022-01-31 01:42:57,57.79,-152.4072,26.11,74,0,9.22
282,Alice Springs,AU,2022-01-31 01:42:44,-23.7,133.8833,81.95,78,75,10.36
283,Port Blair,IN,2022-01-31 01:41:28,11.6667,92.75,68.04,88,40,0.0
284,Saint-Francois,FR,2022-01-31 01:42:58,46.4154,3.9054,38.64,93,100,6.91
285,Djenne,ML,2022-01-31 01:42:58,13.9061,-4.5533,72.14,12,4,9.62
286,Springdale,US,2022-01-31 01:40:00,36.1867,-94.1288,45.03,49,0,0.0
287,Shush,IR,2022-01-31 01:42:59,32.1942,48.2436,49.89,38,61,4.16
288,Le Port,RE,2022-01-31 01:42:59,-20.9373,55.2919,75.2,76,33,2.35
289,Cerkezkoy,TR,2022-01-31 01:42:59,41.285,28.0003,37.58,70,0,12.66
290,Kassala,SD,2022-01-31 01:42:59,15.451,36.4,67.77,62,0,5.53
291,Tubuala,PA,2022-01-31 01:43:00,9.5167,-79.0333,78.91,76,21,13.31
292,Santa Maria Da Vitoria,BR,2022-01-31 01:43:00,-13.3947,-44.1886,69.19,96,100,2.15
293,Camp Springs,US,2022-01-31 01:43:00,38.804,-76.9066,30.38,53,75,5.75
294,Morro Bay,US,2022-01-31 01:43:01,35.3658,-120.8499,63.05,76,4,5.01
295,Padilla,CO,2022-01-31 01:43:01,3.2204,-76.3139,74.77,93,100,1.68
296,Sept-Iles,CA,2022-01-31 01:40:02,50.2001,-66.3821,8.06,67,100,8.01
297,Mildura,AU,2022-01-31 01:43:01,-34.2,142.15,95.07,19,11,5.75
298,Rakke,EE,2022-01-31 01:43:01,58.9817,26.2544,26.19,96,100,8.86
299,Sambava,MG,2022-01-31 01:43:02,-14.2667,50.1667,75.15,88,12,7.81
300,Severo-Kurilsk,RU,2022-01-31 01:43:02,50.6789,156.125,28.44,96,100,7.49
301,Broken Hill,AU,2022-01-31 01:43:02,-31.95,141.4333,83.91,58,40,9.22
302,Sabang,ID,2022-01-31 01:43:03,5.8933,95.3214,81.14,76,84,9.17
303,Amapa,BR,2022-01-31 01:43:03,1.0,-52.0,71.04,99,100,1.48
304,Niteroi,BR,2022-01-31 01:43:03,-22.8833,-43.1036,77.97,97,75,16.11
305,Nata,PA,2022-01-31 01:43:03,8.3333,-80.5167,75.47,83,33,9.37
306,Morondava,MG,2022-01-31 01:43:04,-20.2833,44.2833,78.37,74,0,3.6
307,Haimen,CN,2022-01-31 01:43:04,23.1935,116.6142,51.69,63,56,20.92
308,Codrington,AU,2022-01-31 01:43:04,-38.2667,141.9667,81.23,51,3,9.91
309,Kampot,KH,2022-01-31 01:43:05,10.6167,104.1833,80.65,77,60,7.52
310,Gandajika,CD,2022-01-31 01:43:00,-6.75,23.95,65.82,92,100,2.13
311,Kahului,US,2022-01-31 01:43:05,20.8947,-156.47,84.22,55,20,16.11
312,Erenhot,CN,2022-01-31 01:43:05,43.6475,111.9767,4.98,83,98,12.93
313,Hasaki,JP,2022-01-31 01:43:06,35.7333,140.8333,45.28,42,57,13.94
314,Atar,MR,2022-01-31 01:43:06,20.5169,-13.0499,76.77,13,100,7.94
315,Oktyabrskoye,RU,2022-01-31 01:43:06,43.0645,44.7417,17.74,100,4,6.71
316,Pisco,PE,2022-01-31 01:43:07,-13.7,-76.2167,71.65,56,75,5.75
317,Alvorada,BR,2022-01-31 01:43:07,-12.48,-49.1247,70.86,96,100,2.1
318,Sebinkarahisar,TR,2022-01-31 01:43:07,40.2883,38.4236,19.72,90,96,3.85
319,Kasongo-Lunda,CD,2022-01-31 01:43:08,-6.4667,16.8167,69.19,97,100,1.41
320,Nushki,PK,2022-01-31 01:44:08,29.5542,66.0215,49.84,52,1,0.69
321,Menongue,AO,2022-01-31 01:44:08,-14.6585,17.691,61.47,93,100,3.96
322,Vila Velha,BR,2022-01-31 01:39:28,-20.3297,-40.2925,80.55,88,20,4.61
323,Kichera,RU,2022-01-31 01:44:08,55.9375,110.0997,-4.97,95,98,1.03
324,Opuwo,NA,2022-01-31 01:44:09,-18.0607,13.84,61.56,54,100,3.98
325,Juba,SS,2022-01-31 01:41:12,4.8517,31.5825,74.03,29,80,3.65
326,Aykhal,RU,2022-01-31 01:44:09,66.0,111.5,-22.88,100,56,3.94
327,Cayenne,GF,2022-01-31 01:41:20,4.9333,-52.3333,79.09,85,20,3.0
328,Vallenar,CL,2022-01-31 01:44:09,-28.5708,-70.7581,67.06,64,0,3.15
329,Smithers,CA,2022-01-31 01:39:39,54.7804,-127.1743,30.52,80,75,4.61
330,Pastavy,BY,2022-01-31 01:44:10,55.1168,26.8326,28.96,98,100,8.3
331,Kulhudhuffushi,MV,2022-01-31 01:44:10,6.6221,73.07,81.54,77,22,11.07
332,Tarata,BO,2022-01-31 01:44:10,-17.6167,-66.0167,62.67,72,98,5.14
333,Jiaonan,CN,2022-01-31 01:44:10,35.8786,119.9753,37.42,53,12,15.32
334,Nikolayevsk-Na-Amure,RU,2022-01-31 01:44:11,53.1406,140.73,8.65,92,100,8.68
335,Batabano,CU,2022-01-31 01:44:11,22.7164,-82.2881,48.81,65,0,9.19
336,Pangai,TO,2022-01-31 01:44:11,-19.8,-174.35,81.52,73,100,9.19
337,Bilma,NE,2022-01-31 01:42:29,18.6853,12.9164,52.45,22,0,14.65
338,Palmer,US,2022-01-31 01:41:40,42.1584,-72.3287,13.03,69,0,0.0
339,Rawson,AR,2022-01-31 01:44:12,-43.3002,-65.1023,59.79,31,35,5.19
340,Dillon,US,2022-01-31 01:44:12,34.4166,-79.3712,42.13,63,6,8.19
341,Athabasca,CA,2022-01-31 01:44:12,54.7169,-113.2854,33.62,98,100,3.69
342,Koprivnica,HR,2022-01-31 01:44:13,46.1628,16.8275,33.57,72,5,4.47
343,Vardo,NO,2022-01-31 01:44:13,70.3705,31.1107,30.54,62,86,15.64
344,Taklisah,TN,2022-01-31 01:44:13,36.7833,10.6333,47.82,84,0,9.69
345,Lasa,IT,2022-01-31 01:44:13,46.6166,10.7002,44.06,37,34,5.12
346,Itarema,BR,2022-01-31 01:40:10,-2.9248,-39.9167,78.93,83,100,11.32
347,Vicuna,CL,2022-01-31 01:44:14,-30.0319,-70.7081,55.13,67,0,0.51
348,Leninskoye,KZ,2022-01-31 01:44:14,41.7589,69.3864,31.93,53,38,2.93
349,Puerto Escondido,MX,2022-01-31 01:41:27,15.85,-97.0667,81.43,65,20,0.0
350,Bafoulabe,ML,2022-01-31 01:44:14,13.8065,-10.8321,80.6,11,76,6.55
351,Lorengau,PG,2022-01-31 01:44:15,-2.0226,147.2712,81.25,80,100,15.1
352,San Isidro,PE,2022-01-31 01:44:15,-12.1167,-77.05,72.01,83,40,6.91
353,Vuktyl,RU,2022-01-31 01:44:15,63.8567,57.3094,-4.29,99,96,3.33
354,Wewak,PG,2022-01-31 01:44:16,-3.5534,143.6268,80.38,82,100,9.48
355,Qaqortoq,GL,2022-01-31 01:44:16,60.7167,-46.0333,17.37,89,100,25.55
356,Almaznyy,RU,2022-01-31 01:44:16,48.0448,40.045,33.94,98,100,15.57
357,Roscommon,IE,2022-01-31 01:44:16,53.6333,-8.1833,41.29,76,48,17.07
358,Axim,GH,2022-01-31 01:44:17,4.8699,-2.2405,77.25,87,13,3.42
359,Tulagi,SB,2022-01-31 01:44:17,-9.0996,160.1476,83.3,72,100,7.36
360,Ust-Kuyga,RU,2022-01-31 01:44:17,70.0167,135.6,-37.12,100,95,3.74
361,Foix,FR,2022-01-31 01:44:17,42.8333,1.5833,32.0,74,4,4.83
362,Mpika,ZM,2022-01-31 01:44:18,-11.8343,31.4529,59.68,98,100,1.19
363,Nishihara,JP,2022-01-31 01:44:18,26.1842,127.7558,58.68,65,75,9.22
364,Vanimo,PG,2022-01-31 01:44:18,-2.6741,141.3028,80.29,79,100,11.9
365,Egvekinot,RU,2022-01-31 01:44:18,66.3167,-179.1667,1.17,68,48,8.03
366,Molango,MX,2022-01-31 01:44:19,20.7833,-98.7167,45.79,96,35,2.46
367,Paris,FR,2022-01-31 01:41:20,48.8534,2.3488,44.26,79,75,5.01
368,Tempio Pausania,IT,2022-01-31 01:45:19,40.8974,9.1035,45.79,93,55,8.34
369,Mishan,CN,2022-01-31 01:45:19,45.55,131.8833,6.12,83,15,7.63
370,Jalu,LY,2022-01-31 01:41:14,29.0331,21.5482,51.93,73,64,9.98
371,San Patricio,US,2022-01-31 01:45:20,28.017,-97.5169,64.81,76,100,10.8
372,Pevek,RU,2022-01-31 01:45:20,69.7008,170.3133,-17.73,99,90,2.8
373,Camacari,BR,2022-01-31 01:42:34,-12.6975,-38.3242,83.97,89,7,6.44
374,Palana,RU,2022-01-31 01:45:20,59.1167,159.9667,27.48,71,6,22.3
375,Nokha,IN,2022-01-31 01:45:21,27.6,73.4167,58.75,26,0,4.07
376,Tres Picos,MX,2022-01-31 01:45:21,15.8667,-93.5333,76.05,64,0,5.86
377,Luz,BR,2022-01-31 01:45:21,-19.8014,-45.6856,70.56,88,100,3.18
378,Grand-Santi,GF,2022-01-31 01:45:21,4.25,-54.3833,70.66,99,57,3.29
379,Kaura Namoda,NG,2022-01-31 01:45:22,12.5898,6.5779,63.03,13,17,14.54
380,Kudahuvadhoo,MV,2022-01-31 01:45:20,2.6708,72.8944,81.99,74,10,13.67
381,Paramonga,PE,2022-01-31 01:45:22,-10.6667,-77.8333,70.52,87,100,7.63
382,Iquique,CL,2022-01-31 01:45:22,-20.2208,-70.1431,68.04,70,0,1.34
383,Florianopolis,BR,2022-01-31 01:45:22,-27.6146,-48.5012,71.37,81,75,4.61
384,Mokhsogollokh,RU,2022-01-31 01:45:23,61.4681,128.9203,-12.01,95,100,4.94
385,Anori,BR,2022-01-31 01:45:23,-3.7728,-61.6442,72.63,97,99,2.37
386,Coria,ES,2022-01-31 01:45:23,39.9879,-6.5377,41.45,57,3,1.19
387,Puri,IN,2022-01-31 01:45:24,19.8,85.85,55.92,65,4,5.66
388,Turukhansk,RU,2022-01-31 01:45:24,65.8167,87.9833,-1.79,92,99,10.98
389,Williston,US,2022-01-31 01:44:26,48.147,-103.618,37.81,91,100,3.06
390,Mitsamiouli,KM,2022-01-31 01:45:24,-11.3847,43.2844,80.62,75,8,3.4
391,Costache Negri,RO,2022-01-31 01:45:24,45.7,27.7167,37.87,61,100,8.03
392,Nikel,RU,2022-01-31 01:45:25,69.4128,30.222,10.58,95,83,5.46
393,Balikpapan,ID,2022-01-31 01:45:25,-1.2675,116.8289,79.79,83,20,5.75
394,Asau,RO,2022-01-31 01:42:44,46.4333,26.4,33.28,72,71,14.5
395,Huarmey,PE,2022-01-31 01:45:25,-10.0681,-78.1522,70.56,87,100,7.02
396,Richards Bay,ZA,2022-01-31 01:45:26,-28.783,32.0377,70.07,90,98,6.4
397,Bose,IT,2022-01-31 01:45:26,45.4612,8.0137,45.21,53,3,1.79
398,Juwana,ID,2022-01-31 01:45:26,-6.715,111.1514,83.16,76,99,6.67
399,La Ronge,CA,2022-01-31 01:45:26,55.1001,-105.2842,12.45,79,100,5.75
400,Ayan,RU,2022-01-31 01:41:29,56.45,138.1667,3.33,64,100,17.0
401,Juybar,IR,2022-01-31 01:45:27,36.6412,52.9124,41.09,56,0,3.85
402,Havelock,US,2022-01-31 01:45:27,34.8791,-76.9013,46.94,71,67,5.79
403,Barcelona,ES,2022-01-31 01:45:27,41.3888,2.159,56.32,51,20,7.0
404,Nuuk,GL,2022-01-31 01:45:27,64.1835,-51.7216,2.95,73,100,12.35
405,Hami,CN,2022-01-31 01:45:28,42.8,93.45,22.86,40,87,3.24
406,Nantucket,US,2022-01-31 01:45:28,41.2835,-70.0995,21.31,54,0,11.5
407,Araouane,ML,2022-01-31 01:45:28,18.9048,-3.5265,69.19,17,36,11.43
408,Kearney,US,2022-01-31 01:41:46,40.6995,-99.0815,43.84,34,0,8.01
409,Isangel,VU,2022-01-31 01:45:29,-19.55,169.2667,82.51,83,75,4.61
410,Nemuro,JP,2022-01-31 01:45:29,43.3236,145.575,18.03,58,16,13.27
411,Yar-Sale,RU,2022-01-31 01:45:29,66.8333,70.8333,-3.12,95,93,8.12
412,Bud,US,2022-01-31 01:45:29,39.447,-86.1758,30.29,76,100,3.44
413,Kigorobya,UG,2022-01-31 01:45:30,1.6162,31.3089,74.55,42,100,3.36
414,Hrymayliv,UA,2022-01-31 01:45:30,49.3321,26.0111,36.52,79,100,30.24
415,Ulladulla,AU,2022-01-31 01:45:30,-35.35,150.4667,85.77,63,43,10.18
416,Prainha,BR,2022-01-31 01:46:30,-1.8,-53.48,73.98,95,100,4.18
417,Uusikaupunki,FI,2022-01-31 01:46:31,60.8004,21.4084,23.52,90,99,13.71
418,Atasu,KZ,2022-01-31 01:46:31,48.6814,71.6433,13.91,96,100,7.18
419,Iqaluit,CA,2022-01-31 01:41:54,63.7506,-68.5145,-20.47,76,0,4.61
420,Angoche,MZ,2022-01-31 01:46:31,-16.2325,39.9086,75.49,86,1,4.32
421,Ejutla De Crespo,MX,2022-01-31 01:46:32,16.5667,-96.7333,66.42,62,97,3.69
422,General Jose Eduvigis Diaz,PY,2022-01-31 01:46:32,-27.1667,-58.4167,83.05,31,0,2.95
423,Haslett,US,2022-01-31 01:46:32,42.747,-84.4011,23.05,81,100,3.89
424,Durban,ZA,2022-01-31 01:46:33,-29.8579,31.0292,73.02,90,100,3.0
425,Espanola,US,2022-01-31 01:46:33,35.9911,-106.0806,42.64,56,100,1.5
426,Parainen,FI,2022-01-31 01:46:33,60.3067,22.301,24.15,89,100,14.29
427,Kazachinskoye,RU,2022-01-31 01:46:33,57.6953,93.2761,-4.74,100,98,2.06
428,Pyshchug,RU,2022-01-31 01:46:34,58.8873,45.7134,4.82,99,86,4.56
429,Lovington,US,2022-01-31 01:46:34,32.944,-103.3485,52.65,58,91,1.52
430,Aginskoye,RU,2022-01-31 01:46:34,51.1,114.53,-6.57,91,13,6.08
431,Savannah Bight,HN,2022-01-31 01:46:34,16.45,-85.85,70.0,69,95,16.13
432,San Policarpo,PH,2022-01-31 01:46:35,12.1791,125.5072,81.3,77,54,4.54
433,Marawi,PH,2022-01-31 01:46:35,7.9986,124.2928,74.64,71,100,3.83
434,Katsina,NG,2022-01-31 01:46:35,12.9894,7.6006,57.72,15,0,14.85
435,Sitio Novo Do Tocantins,BR,2022-01-31 01:46:36,-5.5183,-47.4611,71.04,97,100,2.3
436,Kalabo,ZM,2022-01-31 01:46:36,-14.97,22.6814,63.46,93,100,4.25
437,Tambo,PE,2022-01-31 01:46:36,-14.8,-73.9167,35.04,95,100,6.02
438,Bemidji,US,2022-01-31 01:46:36,47.4736,-94.8803,17.69,67,100,9.22
439,Khakhea,BW,2022-01-31 01:46:37,-24.6895,23.494,66.7,91,100,14.92
440,Port Moresby,PG,2022-01-31 01:46:37,-9.4431,147.1797,81.82,78,75,11.5
441,Chlorakas,CY,2022-01-31 01:46:37,34.8042,32.4083,49.23,89,75,9.22
442,Tanout,NE,2022-01-31 01:46:38,14.9709,8.8879,57.61,18,9,18.37
443,Te Anau,NZ,2022-01-31 01:46:38,-45.4167,167.7167,74.26,57,95,5.5
444,La Palma,US,2022-01-31 01:46:38,33.8464,-118.0467,66.34,68,0,1.01
445,Correntina,BR,2022-01-31 01:46:39,-13.3433,-44.6367,68.2,94,82,2.46
446,Olinda,BR,2022-01-31 01:46:39,-8.0089,-34.8553,82.13,74,40,6.91
447,Ochtrup,DE,2022-01-31 01:46:39,52.2167,7.1833,40.33,81,100,1.99
448,Shache,CN,2022-01-31 01:43:47,38.4167,77.2406,25.72,41,100,1.77
449,Okhotsk,RU,2022-01-31 01:44:59,59.3833,143.3,13.35,75,86,16.55
450,Chacarita,CR,2022-01-31 01:46:40,9.9829,-84.7723,80.47,67,6,7.07
451,Oranjemund,NA,2022-01-31 01:46:40,-28.55,16.4333,65.28,90,100,6.91
452,Mitzic,GA,2022-01-31 01:46:40,0.7821,11.549,68.65,98,100,1.68
453,Montemarciano,IT,2022-01-31 01:46:40,43.6389,13.3075,46.18,76,0,4.61
454,Dudinka,RU,2022-01-31 01:46:41,69.4058,86.1778,-14.04,98,100,8.16
455,Manzhouli,CN,2022-01-31 01:46:41,49.6,117.4333,-5.87,88,11,5.06
456,Punta Gorda,US,2022-01-31 01:45:13,26.9298,-82.0454,50.05,54,0,1.01
457,Malakwal,PK,2022-01-31 01:46:41,32.5536,73.2123,48.18,47,2,3.06
458,Lavrentiya,RU,2022-01-31 01:46:42,65.5833,-171.0,-6.95,93,19,4.0
459,Kenitra,MA,2022-01-31 01:47:42,34.261,-6.5802,50.76,62,81,4.47
460,Yichang,CN,2022-01-31 01:47:42,30.7144,111.2847,44.22,67,99,0.81
461,Tombouctou,ML,2022-01-31 01:47:42,20.0,-3.0,68.45,17,15,12.68
462,Mumbwa,ZM,2022-01-31 01:47:43,-14.9783,27.0619,64.4,97,100,2.59
463,Chik,RU,2022-01-31 01:47:43,54.9928,82.4311,11.95,85,20,11.18
464,Vostok,RU,2022-01-31 01:46:29,46.4856,135.8833,-0.27,84,11,3.69
465,Griffith,US,2022-01-31 01:47:43,41.5284,-87.4237,30.13,69,100,4.61
466,Mount Gambier,AU,2022-01-31 01:47:44,-37.8333,140.7667,75.11,69,3,4.61
467,Ryotsu,JP,2022-01-31 01:47:44,38.0833,138.4333,33.76,53,100,19.95
468,Natal,BR,2022-01-31 01:44:04,-5.795,-35.2094,79.45,94,20,5.75
469,Honiara,SB,2022-01-31 01:47:44,-9.4333,159.95,84.97,73,91,5.23
470,Esil,KZ,2022-01-31 01:47:44,51.9556,66.4042,15.64,95,89,11.36
471,Ribeira Grande,PT,2022-01-31 01:45:13,38.5167,-28.7,59.23,74,73,22.01
472,Kuragino,RU,2022-01-31 01:47:45,53.8975,92.6725,-19.88,100,22,2.21
473,Nouakchott,MR,2022-01-31 01:47:45,18.0858,-15.9785,71.53,58,100,13.38
474,Tchaourou,BJ,2022-01-31 01:47:46,8.8865,2.5975,70.95,13,100,6.38
475,Port Hardy,CA,2022-01-31 01:46:13,50.6996,-127.4199,39.76,87,75,10.36
476,Poum,NC,2022-01-31 01:44:03,-20.2333,164.0167,80.51,74,100,10.67
477,Pandan,PH,2022-01-31 01:47:46,14.0453,124.1694,79.03,85,97,16.28
478,Beibei,CN,2022-01-31 01:47:46,29.8256,106.4339,48.24,70,86,3.96
479,Hohhot,CN,2022-01-31 01:47:47,40.8106,111.6522,7.09,61,0,4.47
480,Ondjiva,AO,2022-01-31 01:47:47,-17.0667,15.7333,69.13,48,100,7.14
481,Hare Bay,CA,2022-01-31 01:47:47,48.8499,-54.0148,31.6,70,78,20.42
482,Kurilsk,RU,2022-01-31 01:47:48,45.2333,147.8833,19.4,62,100,19.73
483,Robertsport,LR,2022-01-31 01:47:48,6.7533,-11.3686,79.09,86,6,4.61
484,Mao,ES,2022-01-31 01:47:48,39.8885,4.2658,46.96,93,0,6.91
485,Minot,US,2022-01-31 01:43:15,48.2325,-101.2963,27.59,74,0,4.61
486,Pasighat,IN,2022-01-31 01:47:48,28.0667,95.3333,57.61,49,5,1.28
487,Nome,US,2022-01-31 01:45:31,64.5011,-165.4064,2.1,77,0,0.0
488,Akcakoca,TR,2022-01-31 01:47:49,41.0866,31.1162,39.0,83,76,9.8
489,Charters Towers,AU,2022-01-31 01:43:55,-20.1,146.2667,90.05,44,17,8.39
490,Zelenoborsk,RU,2022-01-31 01:47:49,61.4669,64.0333,1.02,96,100,2.93
491,Linxia,CN,2022-01-31 01:47:49,35.6003,103.2064,13.44,82,98,3.42
492,Iberia,US,2022-01-31 01:47:50,29.9502,-91.7507,55.06,66,0,5.75
493,Daund,IN,2022-01-31 01:47:50,18.4667,74.6,64.27,38,0,3.62
494,Khor,RU,2022-01-31 01:47:50,47.8861,134.9464,-10.35,95,58,4.09
495,Kharan,PK,2022-01-31 01:47:50,28.5833,65.4167,55.87,41,0,6.58
496,Parrita,CR,2022-01-31 01:47:51,9.5201,-84.3225,80.37,81,12,2.51
497,Freeport,US,2022-01-31 01:44:56,40.6576,-73.5832,25.25,62,0,3.0
498,Pirapora,BR,2022-01-31 01:47:51,-17.345,-44.9419,73.44,78,90,3.0
499,Poya,NC,2022-01-31 01:47:51,-21.35,165.15,86.04,62,95,6.38
500,Cuiluan,CN,2022-01-31 01:47:52,47.72,128.648,3.61,86,71,1.68
501,Passo Fundo,BR,2022-01-31 01:47:52,-28.2628,-52.4067,63.19,93,3,11.81
502,Kharp,RU,2022-01-31 01:47:52,66.8014,65.8081,-8.12,100,100,1.97
503,Micheweni,TZ,2022-01-31 01:47:53,-4.9667,39.8333,79.57,77,100,9.75
504,Alyangula,AU,2022-01-31 01:47:53,-13.8483,136.4192,87.67,79,40,12.66
505,Tautira,PF,2022-01-31 01:48:53,-17.7333,-149.15,84.22,75,97,12.71
506,Kortkeros,RU,2022-01-31 01:48:54,61.8106,51.5806,-1.82,100,53,3.67
507,Bodden Town,KY,2022-01-31 01:48:54,19.2833,-81.25,69.93,61,75,5.01
508,Acapulco,MX,2022-01-31 01:48:54,16.8634,-99.8901,80.42,78,20,6.91
509,Colmar,FR,2022-01-31 01:48:54,48.0833,7.3667,39.58,86,100,4.61
510,Ayagoz,KZ,2022-01-31 01:48:55,47.9714,80.4392,2.97,100,100,1.95
511,Tambacounda,SN,2022-01-31 01:48:55,13.7539,-13.7586,80.65,21,83,4.61
512,Grajau,BR,2022-01-31 01:48:55,-5.8194,-46.1386,71.33,95,84,0.98
513,Emerald,AU,2022-01-31 01:48:55,-23.5333,148.1667,89.35,51,75,8.05
514,Ilulissat,GL,2022-01-31 01:48:56,69.2167,-51.1,-8.43,73,41,12.41
515,Skibbereen,IE,2022-01-31 01:48:56,51.55,-9.2667,44.4,73,79,17.54
516,Ormara,PK,2022-01-31 01:48:56,25.2088,64.6357,71.74,68,0,14.92
517,Inhambane,MZ,2022-01-31 01:48:57,-23.865,35.3833,73.65,82,16,5.61
518,Bandarbeyla,SO,2022-01-31 01:48:53,9.4942,50.8122,75.52,79,100,15.73
519,Beian,NO,2022-01-31 01:48:57,63.6559,9.5683,32.0,93,20,4.61
520,Tecpan,GT,2022-01-31 01:48:57,14.7623,-90.9947,54.61,93,37,4.9
521,Muroran,JP,2022-01-31 01:48:58,42.3172,140.9881,19.65,59,99,17.2
522,Sault Sainte Marie,CA,2022-01-31 01:46:08,46.5168,-84.3333,19.69,73,100,4.61
523,Abeche,TD,2022-01-31 01:48:58,13.8292,20.8324,59.68,16,0,8.72
524,Umea,SE,2022-01-31 01:48:58,63.8284,20.2597,12.13,92,6,4.61
525,Hualmay,PE,2022-01-31 01:48:59,-11.0964,-77.6139,70.36,85,100,8.25
526,Othaya,KE,2022-01-31 01:48:59,-0.5652,36.9609,61.27,94,56,3.11
527,Kankakee,US,2022-01-31 01:48:59,41.15,-87.8667,28.26,79,100,4.61
528,Salmas,IR,2022-01-31 01:48:59,38.1973,44.7653,18.59,72,1,6.46
529,Mudanya,TR,2022-01-31 01:49:00,40.3753,28.8822,43.65,81,81,5.32
530,Shubarshi,KZ,2022-01-31 01:49:00,48.5872,57.1869,24.94,89,100,12.15
531,Urengoy,RU,2022-01-31 01:49:00,65.9667,78.3667,0.68,97,100,7.78
532,Heihe,CN,2022-01-31 01:49:01,50.2441,127.4902,3.78,78,15,9.13
533,Corn Island,NI,2022-01-31 01:49:01,12.1694,-83.0418,78.13,78,25,24.14
534,Panaba,MX,2022-01-31 01:49:01,21.2833,-88.2667,61.36,71,0,7.92
535,Shizunai,JP,2022-01-31 01:49:01,42.3339,142.3669,22.01,56,47,9.57
536,Beringovskiy,RU,2022-01-31 01:49:02,63.05,179.3167,-4.59,96,100,10.78
537,Saint-Augustin,CA,2022-01-31 01:49:02,51.226,-58.6502,10.58,82,91,18.41
538,Garissa,KE,2022-01-31 01:49:02,-0.4536,39.6401,74.98,76,75,7.38
539,Daru,PG,2022-01-31 01:49:02,-9.0763,143.2092,80.13,79,100,5.86
540,Grand Baie,MU,2022-01-31 01:48:26,-20.0182,57.5802,79.27,84,88,4.0
541,Mahibadhoo,MV,2022-01-31 01:49:03,3.7833,72.9667,81.7,76,4,13.22
542,Shelburne,CA,2022-01-31 01:46:13,44.0787,-80.2041,17.49,93,30,8.7
543,Svay Rieng,KH,2022-01-31 01:49:03,11.0879,105.7993,81.81,65,30,10.58
544,Havre-Saint-Pierre,CA,2022-01-31 01:49:03,50.2334,-63.5986,12.2,66,100,16.11
545,North Bend,US,2022-01-31 01:49:04,43.4065,-124.2243,51.93,99,100,14.97
546,Russell,US,2022-01-31 01:46:13,32.3502,-85.1999,53.2,67,0,0.0
547,Hokitika,NZ,2022-01-31 01:49:04,-42.7167,170.9667,69.69,57,37,5.55
548,Tamiahua,MX,2022-01-31 01:49:04,21.2667,-97.45,64.22,88,33,9.19
549,Alugan,PH,2022-01-31 01:49:05,12.2188,125.4808,81.23,77,50,4.36
550,Yarada,IN,2022-01-31 01:50:05,17.65,83.2667,64.72,94,20,2.3
551,Ati,TD,2022-01-31 01:50:05,13.2154,18.3353,59.85,20,1,11.21
552,Kodinar,IN,2022-01-31 01:50:05,20.7903,70.7031,63.16,52,3,7.4
553,Paso De Los Toros,UY,2022-01-31 01:50:06,-32.8167,-56.5167,72.07,47,0,4.09
554,Itacarambi,BR,2022-01-31 01:50:06,-15.1022,-44.0919,69.42,95,100,3.0
555,Kasamwa,TZ,2022-01-31 01:50:06,-2.85,32.4333,63.9,95,95,6.96
556,Teyateyaneng,LS,2022-01-31 01:50:07,-29.1472,27.7489,61.95,82,96,2.73
557,Sayyan,YE,2022-01-31 01:50:07,15.1718,44.3244,48.72,39,57,0.96
558,Formosa Do Rio Preto,BR,2022-01-31 01:50:07,-11.0483,-45.1931,69.89,95,96,1.68
559,Keti Bandar,PK,2022-01-31 01:50:07,24.1447,67.4497,70.84,86,0,13.24
560,Grand-Lahou,CI,2022-01-31 01:50:08,5.1367,-5.0242,77.86,89,74,3.67
561,Sao Jose Da Coroa Grande,BR,2022-01-31 01:50:08,-8.8978,-35.1478,78.87,80,45,7.27
562,Faya,SA,2022-01-31 01:50:08,18.3851,42.4509,53.71,68,7,5.3
563,Coahuayana,MX,2022-01-31 01:50:06,18.7333,-103.6833,71.08,70,0,1.39
564,Santa Isabel,BR,2022-01-31 01:50:09,-23.3156,-46.2214,69.66,97,100,2.59
565,Buin,CL,2022-01-31 01:50:09,-33.7333,-70.75,73.74,68,0,2.71
566,Kaeo,NZ,2022-01-31 01:49:13,-35.1,173.7833,72.32,82,100,14.25
567,Erdenet,MN,2022-01-31 01:50:09,49.0333,104.0833,-8.46,91,10,4.03
568,Thinadhoo,MV,2022-01-31 01:50:10,0.5333,72.9333,81.79,74,18,12.64
569,Normandin,CA,2022-01-31 01:50:10,48.8333,-72.5321,2.82,71,100,8.05
570,Fairbanks,US,2022-01-31 01:50:10,64.8378,-147.7164,-18.98,71,0,0.0
571,Taltal,CL,2022-01-31 01:50:10,-25.4,-70.4833,65.97,77,16,4.25
572,Westport,US,2022-01-31 01:50:11,41.1415,-73.3579,24.94,62,0,1.01
573,Gunjur,GM,2022-01-31 01:50:11,13.2019,-16.7339,71.67,73,100,5.75
574,Arman,RU,2022-01-31 01:50:11,59.7,150.1667,8.82,77,100,15.64
